square_feet,bedrooms,bathrooms,age_years,lot_size,garage_spaces,neighborhood_score,price
3974,1,2,11,4409,3,2,696118.5575581781
1660,5,2,1,5512,1,3,453466.3754545933
2094,4,1,6,2025,0,10,437491.96191332175
1930,2,2,15,9192,2,5,443578.44902071205
1895,1,1,2,7513,0,9,429327.62861876935
3892,1,1,44,8650,0,4,638246.4718757387
2438,2,3,2,9468,1,1,535651.4054851894
2969,4,3,26,9506,0,4,628924.799003522
1266,1,3,49,8410,2,6,249217.7475062519
2038,1,3,42,2460,2,5,336769.3490206037
1130,5,2,39,5764,1,1,306117.67016745976
2282,4,3,37,8599,0,4,481811.0728273101
2935,1,2,32,5431,2,6,500216.76954508416
3971,4,3,27,7187,0,10,776160.2978157286
3719,2,2,0,7102,0,10,713441.9848479035
930,3,1,7,9006,0,4,296232.4497011496
2485,1,2,36,5483,1,9,443544.41137581755
1569,5,2,31,3994,0,5,351947.14152310597
3191,2,3,47,2490,2,8,526190.3001278903
2315,4,2,42,3072,0,9,438411.85710315034
3653,2,1,36,9854,2,10,673705.4608353656
3233,1,1,3,8707,0,5,618688.183962954
2015,4,3,29,5173,2,6,445588.7772072996
1755,3,1,5,2215,2,1,367100.61115268955
3124,2,2,45,9605,0,7,564412.6731990024
1984,1,1,18,3723,0,4,350408.05609925784
1259,5,3,31,3592,2,2,318800.6797488202
821,4,2,8,4606,3,5,291384.31025620457
3100,2,3,11,2158,1,3,553680.4220744799
1547,2,2,10,8632,3,6,401019.92389993765
3704,3,1,45,6781,3,8,639299.9913637115
1274,3,3,15,5313,0,7,329089.5354983801
1882,5,3,0,4841,1,3,492296.61147855385
3358,5,2,44,3776,3,8,624587.3977585766
2847,1,3,20,4052,0,2,506398.73734948575
3547,1,2,29,9763,3,10,662368.7443042491
1775,5,2,12,7939,3,9,497720.5284683676
2606,5,2,33,8504,0,4,557447.9757227367
989,4,2,3,8602,0,1,345817.738078316
3805,3,1,27,4295,0,8,650443.4631719786
3534,1,2,37,7685,1,7,610443.6348227119
3805,3,3,30,3696,3,5,686351.4029605467
1362,3,1,26,4993,0,10,307301.7846690794
2699,5,3,4,4469,2,5,590675.2234162892
2067,4,1,24,3946,3,7,434114.8962397348
3679,2,2,2,5809,2,5,723065.3103939724
2328,4,1,32,8158,1,8,487179.60731243016
1446,4,1,3,4783,0,6,364449.2290214468
2868,3,3,24,5644,2,5,572373.485597114
3688,4,3,19,7241,1,9,747733.7821046658
3014,1,2,33,8420,0,2,538227.3516541641
2097,3,1,25,7677,2,1,416741.3184409111
3235,1,1,4,4500,2,8,598563.8025257499
1400,2,1,34,9557,1,3,312474.22061251465
3163,3,2,27,9461,0,7,624638.5346305945
2861,2,2,28,5645,0,10,532986.8731792169
1041,3,2,8,4645,2,8,320894.5748159836
2841,5,2,37,8589,2,6,604763.1538002845
3624,4,2,49,8353,2,10,667699.8068792627
3412,5,3,5,9757,0,9,779571.5818675548
3745,2,1,18,8857,1,7,694673.1139496748
2163,4,1,43,4349,1,10,412668.7409801551
2939,3,1,10,3932,0,5,550901.969910017
2190,4,1,1,5294,3,8,511937.5701120174
3803,1,1,46,3757,1,2,573937.0749710706
2278,4,1,43,8146,2,7,462322.8204015079
3356,1,1,43,7085,3,4,539054.5387161683
1575,4,1,8,7637,3,9,429684.7014403027
834,1,3,20,3116,1,1,191046.94716810476
3053,2,1,23,4567,3,7,560912.1478429706
3952,5,3,33,5499,3,6,765820.9468494883
2755,3,2,21,2492,1,8,506664.64721252955
2385,4,1,2,5306,1,5,546661.8991667889
3873,5,2,11,2619,3,1,735787.7531097798
1821,3,2,27,5232,2,1,387223.90737999015
3413,3,2,29,9888,0,9,668312.8556642277
1929,1,3,25,5823,3,10,412913.5924470545
2300,2,2,47,8474,3,6,447134.68504518404
1502,2,2,20,4380,2,10,351281.94711754256
3249,5,2,27,8193,3,5,685853.6830537822
3577,2,1,25,3546,3,1,603731.9700007298
2379,4,1,32,6958,0,6,472279.1326880589
961,2,3,20,7787,0,6,279302.5395804394
1001,5,3,34,5563,0,3,295106.07510324195
2781,2,1,33,3605,1,8,480531.2807234107
1795,4,3,40,5752,1,1,377542.79299223394
3117,1,1,46,8415,0,1,508351.71965714387
1615,5,2,17,6675,0,6,437526.1674548618
1255,1,2,10,3890,1,10,282986.7908092658
2075,1,3,22,3275,2,1,369630.7929620372
1816,1,1,47,8703,3,6,332026.2494109466
3143,3,1,21,4743,3,1,572956.126681892
3567,3,3,16,7951,0,6,700314.3298623295
1137,1,1,4,9866,2,3,328732.02678867144
1678,5,2,43,9257,1,8,421510.6686151845
1876,4,3,10,4493,0,6,449724.47048240737
1591,4,3,29,9160,2,1,395890.90476131474
3064,2,1,14,7451,2,5,572951.8418357249
1563,5,3,26,7258,2,8,436840.09250281804
3035,3,1,34,2356,1,3,478484.0437384516
1179,1,1,32,7720,1,6,258176.3740964407
1292,2,1,19,8417,3,5,323388.4615562768
3912,4,1,15,9186,3,6,809090.9296959473
1980,3,1,33,8102,2,10,450099.1625061611
2862,3,3,1,8454,2,1,628025.5093075249
864,1,2,34,2869,1,7,165226.62997468686
3368,4,2,39,2885,3,9,618005.8151400203
2167,5,3,27,4001,2,2,489091.7260991804
1952,3,3,46,8297,3,10,417389.7094256398
2827,1,2,38,7509,3,5,485276.24534645316
3495,5,2,5,3283,2,10,710859.6519444562
2295,4,2,8,2619,1,4,487267.37583173864
3934,3,2,19,2882,2,6,703888.735905076
1962,5,2,0,2796,2,6,490957.7145498385
2322,5,1,7,5642,3,2,514723.02471634693
3440,5,3,22,8268,2,2,692518.5613703112
1191,3,1,2,5425,1,4,329480.14195302146
2498,3,2,3,3296,2,1,496378.03727034765
1218,2,2,24,6714,1,9,283655.12135611364
3136,4,2,46,7930,1,7,595150.6374595938
1178,1,1,37,2244,3,7,204071.75688218678
2596,5,1,14,4895,0,3,533129.4286787872
3078,2,2,20,8593,0,3,582051.5161381752
3865,1,1,34,2929,3,1,592446.3776785409
2888,2,1,45,7366,2,3,487154.1723759922
3899,3,2,13,2519,3,3,684559.5288805984
2982,5,1,35,5212,1,4,554273.1932300957
1000,1,3,11,4409,0,4,254302.79905013816
2663,1,3,16,2007,3,3,479736.785413765
1579,1,3,38,4525,2,10,312780.5980596682
3777,1,3,8,5423,3,8,698828.5151814662
3904,1,2,34,4019,0,8,629974.9683786433
3919,2,2,12,6590,3,1,695979.3495355714
1302,5,2,14,7725,3,7,412334.7666388539
3254,3,3,17,8976,0,2,669148.5770781357
2551,3,3,32,9594,1,1,512848.67867957894
1604,3,1,5,7158,1,3,385320.72326682246
2946,3,1,26,8736,0,4,567551.0677871013
3531,2,3,22,6282,3,6,678998.4263442749
2695,4,3,26,5667,0,10,559437.7538369985
3573,5,3,33,5671,1,5,684737.496707341
2370,1,3,45,4801,2,4,380820.7685758392
1760,4,1,37,7973,3,8,404764.38129308104
3460,3,3,13,8236,1,4,717780.7604014374
2285,4,1,35,2085,3,10,436373.5846196468
3490,5,3,7,5115,0,2,711427.2102081629
1828,1,3,34,6232,2,3,355740.8231076698
1302,1,3,18,4468,0,6,286869.079960514
3614,5,1,29,8217,2,8,707139.8562773986
1197,5,1,13,5619,3,8,371972.79915677704
1670,3,2,19,3636,3,9,383117.6152311175
3642,1,3,48,5583,0,7,592306.1325193365
1192,4,2,24,9323,2,2,340276.3397272175
1006,2,2,39,6009,2,8,250025.0793193476
1838,2,1,23,5326,3,7,380607.0274533311
2681,5,1,13,4218,0,8,551800.791626327
3739,3,2,25,7847,2,3,708338.2485368194
2284,2,3,37,4217,3,7,426794.2916161479
1663,1,1,22,7883,1,10,346459.96507488965
3590,5,3,21,6967,0,9,730572.9688251971
1363,4,3,47,4369,1,3,275429.31446911907
1820,5,2,18,5638,0,10,458095.42380418204
895,4,2,45,4503,3,6,213968.5512166165
2723,5,2,2,2943,2,2,567595.5616873424
2557,5,2,41,7722,2,2,504014.11990921467
3332,5,1,18,4837,2,5,651309.3030720911
3078,4,1,8,4660,0,5,600796.7953972813
3596,4,2,27,9322,3,7,721353.0378681363
2478,5,1,19,4936,1,2,498634.22305329423
1340,2,2,44,6444,3,7,271717.6624656336
1859,3,3,6,9618,1,5,492673.69863546576
3372,3,3,13,5947,0,6,656764.4806829151
1983,3,3,8,3676,0,8,450373.58321536146
2522,4,2,18,3196,1,10,510407.5131387578
3957,4,3,46,6105,1,4,706410.6274277108
2619,2,1,13,4787,1,7,508752.7803731606
3425,3,3,37,9432,3,6,677931.6580039278
3529,3,3,35,3461,1,10,629835.8618178352
3404,5,3,39,9927,0,2,685441.9897035593
2397,4,1,16,5318,0,8,497323.34825469786
3860,3,2,29,2666,2,10,677738.8018469473
3493,2,1,8,8689,1,9,678583.889478515
1595,2,2,32,7618,3,5,349786.6479411461
1851,3,2,24,4176,3,10,408530.9335307418
2443,4,3,13,5743,3,4,539946.4130041805
2163,2,2,10,2600,2,6,418291.2117301002
2781,5,1,34,4652,0,8,520784.5744616879
2154,2,1,40,6422,3,3,370317.2889549629
2463,1,2,13,5824,0,10,469517.1730777952
2329,1,3,29,5906,2,1,430004.62506804126
2838,4,3,40,2979,1,4,508562.1248450812
2296,3,1,3,4451,1,4,480046.144642311
3037,4,3,3,2628,1,1,609177.1374875256
2208,4,2,27,3629,3,9,445804.95786561945
2200,4,2,7,9842,1,3,544969.7558422169
2106,4,1,1,9778,3,5,544787.9864559171
3480,5,2,40,5696,2,6,647021.3732516514
3475,5,1,45,5430,2,8,638751.9154289499
1772,2,2,21,5674,3,6,374975.017625908
2568,1,1,40,5929,0,3,409466.70376748336
2082,4,3,15,4765,1,6,465305.01593045035
1509,2,2,28,9184,1,1,322258.93547465425
2279,1,2,48,6369,1,4,372711.8281038703
2234,3,1,47,6780,3,6,415662.71053725167
1448,5,1,29,2115,2,7,322373.20306385396
1117,1,2,11,6956,1,10,288269.6944177744
2057,3,1,34,4003,2,3,370581.00937868864
1483,1,2,10,2692,1,9,314062.94752580737
1463,5,3,45,5162,1,7,351621.0696987746
2798,5,1,49,3105,3,1,487575.01030599215
2431,2,2,20,8467,0,2,478618.84799545765
2295,4,3,20,5008,3,1,509047.1791471616
1936,1,3,4,4161,1,9,409248.2666344522
2653,1,2,47,7888,1,9,469705.6029708672
2320,3,1,19,9225,0,7,510068.9109295996
3289,5,2,36,2153,2,10,617689.080927489
1363,1,3,2,7996,2,3,362384.7577293517
2091,5,2,43,7523,1,5,447597.0295333702
3984,1,1,32,5699,2,4,657950.8765104626
2436,2,3,8,7385,1,7,520020.2507473833
3799,4,2,8,6410,0,9,745248.7573962036
3952,1,1,3,5786,0,2,681684.4223450827
1498,5,3,34,3064,1,8,373716.53757512
2960,2,1,16,6200,0,9,559797.676360409
801,1,3,33,8020,3,10,234669.54241489756
1441,3,2,23,3913,3,10,341176.92294615094
3067,4,1,31,3216,0,9,546066.768559037
2389,1,3,0,7520,1,10,526452.1100776646
1654,2,1,7,9445,1,7,419338.8955855678
2559,3,1,44,4401,0,9,428142.56870736496
3232,2,2,22,9159,2,9,655477.8085573438
2461,2,1,46,3772,3,3,402152.29690184625
1953,3,3,39,3960,2,4,392458.61670603696
1876,2,3,11,4780,1,2,398570.60487974744
2507,3,3,11,7699,1,10,569540.5928092089
3577,1,3,45,6804,2,3,584258.4818547529
2495,3,2,46,9423,0,5,476233.375929332
2533,3,1,14,6746,2,5,524346.5484764315
2239,4,2,40,4871,2,6,455520.63061781396
3094,3,1,18,7042,3,7,598448.4318319755
1635,3,1,25,2660,3,7,329194.94063014735
1002,1,1,28,8242,2,1,223207.00779767477
922,4,2,21,4635,2,2,254692.10797807516
1200,5,1,39,4329,1,9,298203.492417584
1566,1,2,20,5954,3,10,342200.0966825739
1093,1,3,37,4450,3,2,218496.09648822976
3127,5,3,19,3132,1,6,625850.5062808812
3731,3,1,28,2699,0,1,600746.6149428033
997,2,2,3,8342,3,3,320899.55014519446
3829,4,3,6,9470,3,2,800893.9042143198
2730,2,2,27,4038,0,3,471161.4211772134
3599,5,2,27,8470,3,5,723265.3837831966
2991,1,1,3,8297,3,10,608815.2467078295
1408,1,3,21,6647,0,6,335206.1726849229
1947,4,1,11,9812,0,9,491568.8723283913
986,1,1,44,6500,2,10,209861.1821491113
3311,1,3,2,6557,1,4,626317.7807484653
2594,4,3,21,4179,1,7,541467.6143929377
1459,4,2,43,4838,0,6,298256.31681028934
3611,5,3,1,2873,0,2,704610.750724681
3802,1,2,23,2083,3,10,632736.2859254096
2755,1,2,33,3422,2,8,477388.9933441357
3250,5,2,26,8897,2,7,694970.1582866964
2169,3,3,40,4675,0,7,420530.047220544
2786,3,1,0,5180,3,8,568372.9944011007
2334,3,2,7,6316,3,1,505297.1934861206
946,5,1,22,5975,1,1,283667.0000890174
3711,1,1,37,8696,1,8,635365.362295786
2534,5,3,5,3391,3,4,557572.0641651925
2643,5,1,21,5218,1,5,532726.8215198013
1288,3,1,24,6207,0,8,305629.2223585128
3776,2,3,17,2614,3,5,678902.909095172
2759,1,2,16,7677,1,10,521658.72178900056
2463,3,1,11,4971,2,4,492538.7602452014
3398,2,3,5,5565,3,6,674780.4876987896
3185,2,1,25,5576,3,5,577006.1198851621
3719,4,1,26,6570,2,7,704478.5758423744
1440,1,2,7,8979,0,10,377615.71318808803
2602,2,1,18,8009,2,7,512390.59493298066
3320,3,3,41,2270,3,4,551619.978628767
2769,4,1,0,6066,0,5,582079.472429386
2998,1,2,28,4468,1,3,512396.3182520856
2238,5,2,44,8016,1,4,488794.54527524434
2434,3,3,48,8850,1,4,486705.49102297786
1062,2,2,34,3390,3,3,223493.40822801733
2587,2,1,39,9447,2,10,503316.39648385963
2991,3,2,13,5354,0,5,575628.8125323922
3193,2,3,34,6135,1,5,575999.3970644638
1423,4,2,47,8078,0,7,347920.6952582633
1816,1,2,44,8332,3,4,335294.4199420812
1680,4,2,19,9331,1,4,450457.78790709854
2849,2,3,48,7089,3,9,526019.7184550794
3744,5,2,12,8108,2,6,789934.3210909507
2127,1,2,37,5607,3,4,364051.84990502463
3101,1,1,48,4583,3,2,476839.0420116465
1252,3,3,45,6073,2,6,284162.2986405238
3908,3,2,48,5075,0,2,622797.3280807581
1983,5,3,7,5906,2,5,514695.3404241095
3862,1,2,42,2289,2,6,606284.7178859597
2856,5,2,19,4480,3,4,583750.585614065
3970,3,2,32,8614,0,3,701649.840395416
2482,3,1,25,5252,1,7,474901.55235665047
3663,1,1,38,9415,2,2,617725.6467122282
3055,4,1,20,8771,0,6,624443.1962755449
1954,2,3,48,2278,2,4,336375.9457136449
1203,3,3,41,4924,2,6,280095.84818727506
2999,3,1,42,2580,2,4,507205.0331479426
2901,4,3,40,6958,2,4,573972.3474453529
3991,4,2,8,2253,3,4,738715.734939931
2496,5,2,23,6276,0,9,532044.3264089717
1427,5,2,36,9997,0,7,390393.4047968383
1386,2,1,48,6776,0,3,240296.13054588865
2448,2,3,40,2824,2,3,429043.0479628147
2243,1,1,16,9676,3,6,473834.83624066855
2245,5,3,23,5832,2,6,510276.30878367386
903,3,2,20,2699,2,4,236162.54386411037
1053,5,1,38,8709,0,9,317755.31171729055
3983,3,3,40,7445,2,4,734180.3135938783
3357,4,3,38,3380,1,9,627225.0396741406
2296,5,2,12,5896,2,4,538968.4665431147
898,4,1,10,3673,1,2,258030.85994615164
3000,2,1,45,4727,2,2,482153.1200542345
2684,2,1,18,8534,3,5,549435.0490070616
3761,1,2,10,7734,3,4,685162.2260252035
2719,5,1,12,8053,0,7,596885.6067278305
1677,4,2,45,5156,2,5,340384.3125124376
1137,3,2,44,5388,1,6,253221.53118726125
3669,2,2,0,6307,1,10,730722.2217565079
1756,2,3,39,7634,2,4,362770.25713278924
2504,3,1,43,2383,1,2,375526.9563253056
960,4,1,18,7810,3,10,321977.7925497553
2403,4,2,11,2341,1,9,512994.73732017406
3648,5,2,7,7934,0,10,777916.2990294988
1197,5,1,7,3987,3,7,360701.86247810576
2100,1,2,44,6059,3,4,361790.0669812552
1615,2,1,11,6939,3,3,355849.69263780216
2327,5,3,47,5109,2,10,496292.9432162447
2719,4,2,32,6082,2,3,525327.1818996537
2215,3,1,44,7630,3,9,459390.9673338046
1958,4,2,25,6515,2,5,449555.07208354515
2018,2,1,38,4798,1,3,337873.5169744605
1200,4,1,27,5240,2,5,292286.1475261137
1439,1,2,4,3988,2,2,312800.5579338641
3904,2,3,7,8028,3,4,761484.9807797825
3535,3,1,24,5414,0,10,652558.3377552995
1259,1,1,26,3849,0,2,218204.16169744046
1754,2,1,45,2305,0,2,249833.68261091472
1269,3,3,22,5613,1,8,355384.40685155784
1845,1,3,29,4749,2,1,344733.0833152022
3597,1,2,44,6964,0,7,599878.396759689
2493,2,3,46,8680,3,5,477667.7349255524
2885,5,2,22,3135,0,8,577731.1562774453
3077,1,2,48,7530,0,1,496961.09991143196
1362,1,3,46,2205,2,7,211453.50707903848
3285,3,2,19,9352,2,5,683422.7511046064
2599,4,3,17,9549,2,4,611246.4446092255
2874,2,2,17,6591,1,7,555038.0468385401
1025,2,3,1,5450,1,10,315227.30259544146
1597,5,3,3,9214,0,2,480165.61613803555
3131,5,2,29,8005,2,1,635566.9769941439
3726,2,1,32,5811,0,1,614566.6894856323
1759,5,2,35,5622,3,1,399985.7739619409
2304,3,3,17,5599,3,5,507652.4098930593
1252,2,1,36,4551,2,10,270783.0569939181
3867,5,2,18,7141,2,7,782141.0320512864
1615,2,2,46,6308,3,2,293833.4450109006
1458,4,2,27,2309,2,10,351415.6285271245
1346,1,1,39,4708,1,8,251386.14563488288
2015,2,3,19,3991,1,4,437680.5673451208
3920,1,2,48,8896,2,3,638725.059667604
816,5,2,32,2271,3,10,258538.82013150275
2043,1,2,11,5642,0,8,394049.01296811015
3005,2,2,14,6086,2,2,575141.4915637921
3324,4,2,40,3822,2,3,580337.9970183322
1869,5,3,38,9081,0,3,468394.45794824953
3365,2,3,1,5273,2,10,672733.8502998141
2946,5,2,28,8175,0,1,583758.1696203274
2568,3,1,40,6538,3,6,473867.3625929748
1860,1,3,9,8305,1,2,400295.12228782865
3127,3,1,1,8910,3,1,656660.9945450731
3344,2,3,10,6349,1,2,620439.1695374368
1101,4,2,12,2520,0,6,294634.5758118316
980,5,3,9,2976,1,4,299981.88180143805
1406,1,2,13,5722,3,6,321917.0219546336
3970,5,3,17,5551,1,9,810443.7815580453
1499,2,2,8,6105,0,10,373506.47891435795
1792,5,2,38,4773,1,10,396895.0639503507
1939,1,2,27,4552,2,8,366057.96511060913
990,2,2,2,4832,3,1,281000.1687204445
3100,5,1,19,5907,2,8,639796.3034584341
1780,4,2,5,7679,0,9,457121.41636719176
3775,2,1,26,8579,1,6,683965.6727384733
2806,2,1,1,7230,2,10,559156.0836839722
1984,4,2,28,2152,2,5,391821.1544763619
927,3,1,37,7754,1,6,235707.26157548456
2865,1,3,2,4964,1,6,569723.2682607124
2616,3,2,15,4916,3,9,543786.3085267687
2558,5,1,29,9269,2,4,541334.3694614371
3413,4,2,39,4800,2,2,598100.0687418298
1369,3,2,1,7952,0,9,401856.80009547406
2146,2,2,16,7310,3,2,453209.3265813544
2695,5,1,40,3752,0,10,500978.75890364253
3533,5,3,11,4610,2,9,731241.6621048802
1425,3,3,34,5875,0,2,322461.6799715929
3701,3,1,42,3104,2,8,606013.0742713079
2486,4,2,0,4536,2,9,564379.0875597092
3809,1,1,44,6990,0,10,639949.3658808054
954,3,1,14,7207,0,9,274933.17363116075
3337,3,1,25,9361,1,10,635641.5726842534
2209,2,2,36,6199,1,9,431175.8966479861
1584,5,1,20,5854,1,2,375353.56938705896
3975,1,2,48,9263,2,4,661697.6247225738
1045,2,1,30,5494,0,7,219878.43621868885
3910,4,3,24,3914,3,2,721041.9985923249
2300,4,1,22,9365,2,1,518635.38112096343
2505,3,1,23,5072,3,3,487491.28458618117
3606,3,3,37,3006,0,4,622582.2351188698
1337,4,2,27,2406,2,8,300447.72944207356
2690,3,2,20,7497,3,6,549958.4626344714
2641,1,1,42,2166,3,2,361419.21340514574
1720,3,3,17,2508,1,9,377986.1917891725
3255,5,2,35,3661,1,2,605427.0318638566
1324,3,1,34,8456,1,5,315329.4651574837
3675,2,3,44,5664,2,4,624674.8673704788
2329,1,2,8,5489,0,7,459016.9971628195
3750,2,2,37,6858,0,8,644191.1445742459
835,2,3,29,2680,1,5,201097.58882401785
1484,5,3,43,4524,1,10,369498.7827948062
819,1,3,33,4120,1,5,166891.13212589527
3168,1,3,31,7260,3,2,574796.4768783735
3359,1,1,2,6677,1,8,639944.3487095467
1199,1,3,2,6357,3,2,321268.9971103663
3501,1,2,27,3363,0,10,591787.0061212059
1771,5,2,43,3331,2,6,399106.5444447255
2706,3,1,14,4292,2,8,528776.5720701311
3318,2,2,40,3538,2,6,555013.0705000532
1966,1,2,22,5408,2,4,369599.4291633861
1915,3,3,39,9742,3,4,440482.5116260205
1633,3,2,10,2560,3,6,378152.71624982305
2623,2,1,47,3099,1,4,404388.4234027014
3574,5,3,31,3903,3,8,686933.0468029114
2782,4,3,35,2174,1,9,528103.6177132545
1653,4,1,32,4156,1,1,343131.9593871764
850,3,3,23,4230,2,4,255286.35764514527
1374,2,3,38,6287,3,4,314589.8718907184
1948,4,1,33,6160,3,2,401429.8802998737
2997,3,3,27,5920,1,6,590249.0023942371
3161,5,1,36,9106,1,3,625002.6783821653
3417,4,1,6,3497,0,7,642010.8927031277
3152,3,2,3,5854,0,5,633525.2100479887
2515,3,2,36,5171,1,4,454043.0333655969
1481,1,3,0,3567,0,5,331491.1972511521
1637,5,3,0,9007,0,8,506513.2830729237
1877,1,1,46,3151,1,3,273032.44273380126
3850,2,3,19,9619,1,7,734797.6753492287
3291,1,1,18,8033,3,6,616519.8577118288
3460,1,1,28,2368,1,1,535400.0627830047
3840,4,3,9,6946,1,7,771412.7156438911
3111,3,1,17,2042,2,7,543694.1520355083
3924,5,2,27,3907,3,1,720220.9542091857
2395,1,3,34,5490,3,9,448690.5628613884
3851,5,2,42,4535,3,6,703131.4045705303
804,1,3,46,6173,2,2,167698.83338844433
1926,2,1,30,4873,1,5,332555.4313925499
2019,1,3,26,3824,3,4,377206.5306169884
1573,4,2,10,3293,3,7,391823.80888931686
1676,3,1,48,6769,0,8,328426.6102477406
1791,2,3,48,6796,3,1,336628.0032538895
3731,1,3,37,6854,1,5,655976.7467337257
846,5,3,4,8019,1,3,338973.59449348244
3714,2,2,7,8871,0,1,717921.6749780262
3670,2,2,33,5386,3,3,630116.8102912189
3783,1,3,47,4972,3,6,629765.8487234355
3503,2,1,11,5922,3,7,654468.0148405873
1068,5,1,37,6997,2,8,316565.5553602547
1169,2,2,0,9032,3,4,358796.3803544719
1435,5,1,30,2992,1,3,303183.79574822186
1929,1,2,3,7287,1,5,440425.0428727106
2493,3,3,48,4386,2,9,462675.1935411786
2482,2,2,44,4240,2,6,426915.58473624213
1456,3,2,49,3476,3,9,299507.51914044796
919,5,3,4,8426,0,6,366790.4475790557
1630,2,1,29,5407,2,2,317524.9089763926
2610,4,2,23,2389,2,5,498491.0524353711
1881,3,2,2,2999,3,9,438818.30644355627
2774,2,3,10,6620,3,8,587022.7896538429
2169,3,1,44,9407,2,7,422417.78138553066
1540,2,2,3,3855,0,1,328761.62957179564
916,1,3,25,7602,2,4,263930.72892413137
2653,3,2,26,2658,3,7,507391.911885848
3638,4,3,45,4763,3,7,663703.6042267276
1950,4,1,42,5663,2,6,390561.23458512896
2731,5,1,26,6986,0,8,563567.5749436354
1812,2,1,41,9722,2,6,383585.8338582798
2464,3,1,49,3481,2,10,419406.4742220584
1881,5,2,5,9256,3,3,521028.4209213485
1433,3,2,14,5731,0,4,357720.3014414206
1312,2,1,29,9262,1,3,292646.28515154094
3649,4,1,41,2451,0,1,603447.8918449689
1919,1,1,36,4475,2,10,320295.38590256625
1941,4,2,36,5222,2,5,422666.421311128
1359,5,1,41,3537,2,1,281493.2441604803
1287,1,1,36,9543,0,1,252053.01252174718
1696,5,1,34,5093,3,2,354429.8982881706
2012,2,3,22,2882,2,4,389072.0528262231
1503,1,1,5,6408,2,6,332131.93468973116
2270,5,3,3,6068,0,8,558103.5365462652
1380,2,3,17,6935,1,3,339976.8903421112
3637,4,1,8,4566,1,1,687787.916144729
3708,2,3,48,5277,3,3,624046.0335140063
3094,3,1,28,2374,3,3,533916.7665340111
3947,2,2,12,6546,2,5,717554.8061115444
953,2,2,46,5697,0,4,181112.4591039727
2479,3,2,16,9951,2,4,569347.2501835132
1796,5,2,44,5062,3,9,396667.98965236754
3957,5,3,31,6690,0,7,781012.0825205729
3544,2,1,47,5250,0,4,554669.3880111914
2043,3,1,21,7329,3,3,436762.879361435
1892,3,1,3,6595,1,6,452453.6516022993
3918,4,2,4,6559,1,3,782008.9242193865
1808,5,2,36,9291,0,6,439001.87439720915
2941,1,1,40,2112,2,9,450387.56946478464
2573,5,2,48,7131,1,6,513700.7955147779
1757,5,1,12,5197,2,4,431899.5752823212
3859,4,1,33,9732,1,5,734083.0368686975
1252,1,1,44,4378,1,6,201622.29858994152
2027,4,1,21,3924,2,3,421478.8629802315
3759,1,1,22,9450,3,8,704733.5973227094
3065,2,1,2,2139,1,4,552953.0961226479
3321,1,1,41,3424,1,8,517506.5285600478
3279,4,2,33,4949,2,10,610150.8917490994
3188,5,1,31,5168,3,10,601572.6986317093
1350,1,1,44,2516,1,3,192543.75729230169
2435,1,2,48,4616,1,10,399461.7576871913
2112,3,2,20,8043,3,7,478082.17325085256
2557,5,2,45,8989,1,9,547875.3020418634
1156,2,1,43,9236,3,4,261155.96270803091
2870,4,3,20,8261,3,8,648387.802506339
2585,2,3,43,2887,2,3,435481.1086825898
3369,5,2,10,9226,0,7,721140.7671492983
2581,1,3,38,5104,3,3,461091.6623895929
3971,1,2,3,7437,2,7,742848.689250538
3649,5,1,0,2049,0,10,718105.366836723
3609,1,3,27,5951,1,10,642085.892938072
3289,1,1,23,5560,0,6,549451.7311450256
2431,1,3,34,2018,3,2,403671.682301857
3616,4,1,12,6821,3,3,705738.2864354368
1815,4,3,46,8340,3,6,426448.2703536683
2148,3,1,33,3473,3,4,390243.5424669026
1315,2,1,10,6061,3,6,307496.402162296
3887,5,3,35,4606,2,1,712782.2611641161
3639,5,1,16,9846,3,10,780248.1846714382
1135,5,1,34,2451,2,1,251786.23920756893
2582,3,1,17,8432,1,3,524156.1659748545
3105,4,3,39,7260,3,8,634213.7650590594
1296,3,3,21,7203,3,8,361310.26772741077
1695,5,1,23,5765,0,4,377471.967817571
3007,2,1,18,4438,1,6,535823.6888047451
1651,1,3,36,9758,3,8,372388.2604875126
2487,4,3,38,6310,3,7,511487.5368024675
2731,4,1,20,3549,1,7,524386.2154410131
3537,3,1,7,8358,2,4,702045.0564724678
3227,4,1,27,5474,3,9,621697.1143843218
2368,5,2,4,2127,0,10,531539.8107268624
1756,5,3,16,7941,3,6,506944.07698515424
3538,3,2,36,9644,0,3,650711.2113844244
2436,5,3,35,6855,0,5,526733.4863464467
2091,2,3,18,8547,3,5,473027.86637400865
2240,3,3,26,9196,3,5,502496.40280113026
1991,2,3,33,7911,0,8,414910.9234658223
1866,1,3,10,8481,1,9,436922.4142847831
1084,2,3,44,8974,1,9,284934.75797547126
3244,1,3,46,4761,3,6,563700.7578670075
811,1,2,11,6456,2,6,235049.56563724158
2430,2,1,20,6664,1,9,473973.74694384536
3346,3,1,10,3415,3,4,617418.7698688875
1553,5,2,38,8361,1,6,397517.9884870975
2882,5,2,27,7693,2,4,609865.5081195479
3574,1,2,4,7788,3,1,686820.9579394811
3696,1,2,16,2201,2,7,601146.0792946479
889,3,3,19,8160,3,10,303080.70129804325
1575,4,1,40,4369,2,6,317981.2182798985
3452,2,3,45,2517,1,9,580943.0018754371
3817,1,1,11,9737,1,7,693263.5196839441
2425,5,1,5,7444,2,7,544113.6766030624
3869,3,2,16,7531,2,2,735371.7940621921
1217,2,3,18,3341,2,9,304396.57223702717
914,3,2,25,6776,3,10,278957.9159320057
1416,2,3,47,3988,1,9,265424.6039927907
1625,2,1,43,9249,3,6,328542.56280365324
2449,1,2,43,5545,1,3,401905.3531747394
2316,3,2,31,7587,0,1,448006.8472381699
3946,3,1,5,6520,3,4,754040.6391897552
1212,5,1,35,8064,1,3,292893.7333709561
1528,5,1,37,5802,1,1,327651.481348722
3868,1,2,10,7808,3,3,701019.4603908896
3608,1,3,32,5275,3,4,619386.5932162751
1475,4,2,23,5654,1,8,365409.5224150986
2692,5,3,22,9162,3,9,646398.4377989577
3304,2,2,14,4434,2,3,582346.6322833995
3767,3,2,26,6873,3,6,705234.9147633075
3039,1,1,10,8241,3,10,603843.3642321171
3586,3,3,49,9512,3,5,688586.4743656196
1922,3,2,16,7922,1,6,443702.34028906527
2371,4,2,13,2207,2,4,486964.5860435252
1777,5,1,26,7633,0,10,417841.3720743763
1808,1,1,17,7755,0,6,343830.4379568698
2943,3,3,27,9959,2,7,631487.743757817
2487,1,2,46,4633,2,9,414324.3970635193
3510,2,3,46,8309,2,10,654375.1268979842
836,4,2,3,6117,1,7,302835.9711103025
2348,2,3,6,2153,0,6,469929.02139528753
3126,1,1,44,8058,2,1,528168.1784054385
3064,1,2,34,9606,1,2,552857.0560835727
3714,5,3,47,5366,0,1,667525.8150559105
1672,3,1,8,6314,3,9,415025.5608082435
2621,3,1,7,6764,1,10,541081.1854287409
2096,2,3,44,3518,0,10,390135.72935710347
2909,4,2,16,8373,1,9,623971.4236019494
1395,3,2,16,8163,0,7,374924.8325638302
2703,5,1,48,4600,0,2,460819.65693428746
1528,2,2,32,7045,3,6,326855.4033549222
2165,2,2,31,4195,1,4,406050.87399222236
1196,5,2,7,9275,2,1,397676.9771104216
1498,4,1,18,6498,3,1,381212.7547604254
3890,5,3,37,6691,3,5,750627.6934094148
3024,4,2,2,5554,0,2,602721.0222704214
2435,5,1,4,4414,2,4,547310.6759973172
1195,5,1,12,7533,1,1,347681.0768224439
3292,1,3,46,9476,2,4,590546.8881351704
875,2,2,45,4849,2,6,187992.1086754008
1064,5,2,30,9061,2,10,344778.8177205713
3302,5,3,15,7253,2,4,706472.9476537057
2619,3,3,49,3742,2,1,472232.231421528
1517,2,1,31,3306,0,7,279539.8645851446
3582,3,1,21,5849,0,2,634214.8224699454
1650,2,3,28,6168,3,9,390933.43401956896
2190,3,2,21,6576,0,3,453366.6846520311
943,5,1,42,9519,3,8,308735.3423026279
1684,5,1,2,6655,3,8,458233.74827840895
3940,1,2,9,9493,1,3,734268.480257896
3970,3,1,41,6840,2,4,689254.4341641695
1195,4,2,20,7562,0,2,322509.3784789998
3896,1,2,15,6195,1,4,697594.9582124695
3795,3,2,11,7178,0,9,735112.9397585487
3738,3,3,1,4555,3,2,721372.3048846145
2292,1,3,40,4305,0,3,390826.32076920243
1967,5,3,23,6508,2,4,478262.0576426173
3416,3,2,34,9619,3,5,668185.1488748611
1862,5,2,29,3088,3,1,397262.41367741465
2956,1,3,29,4642,1,7,522221.73856470094
1865,5,1,46,3177,2,10,379455.6020433429
2009,2,2,34,8104,3,7,423298.97057590005
3782,4,1,18,8409,2,9,727434.6821954827
3245,3,1,49,6916,0,4,533697.562599056
1433,4,2,7,9246,2,6,440704.09984790813
1956,5,2,25,9482,3,2,487898.6341109845
2038,3,1,48,6757,1,4,364032.6869722858
1532,5,1,39,4994,3,2,324154.2598474253
1034,2,3,6,2559,2,10,282892.6367872415
3505,1,3,29,4964,2,5,587172.0136003805
1550,3,2,6,9034,3,7,435827.1928129847
3435,2,3,2,3271,2,1,635975.6241941896
3880,2,3,0,3813,0,10,725464.1210901468
3945,3,3,35,4915,3,10,720218.7657483205
1753,5,3,24,2609,1,7,415679.7063085274
3339,2,1,36,4461,3,10,594391.9793220995
3760,4,2,0,6120,0,6,738081.1658043679
2342,2,3,14,8124,0,6,519133.8104330052
1997,5,1,36,2283,0,8,399111.0156101507
2476,5,1,12,7568,0,8,554289.072606233
1991,4,1,39,4928,0,6,384962.3595458603
3017,2,3,7,6396,1,3,596933.6675066239
2216,5,3,4,3091,2,5,527166.8858041874
3793,3,2,8,7126,0,2,735301.3101340455
3642,1,3,0,2816,0,5,660516.0623263131
3481,1,3,35,9304,3,9,657276.0837323344
2017,1,1,34,9331,1,10,393556.90680045355
2340,2,2,1,2082,1,1,432979.43335075665
2876,4,3,39,3920,2,10,555515.3178945959
2245,5,3,22,9817,1,5,567986.0815486391
3186,3,1,8,5491,3,6,609538.3214341035
2319,3,1,33,5144,3,7,433739.10631823307
2188,2,3,45,9404,2,9,455502.6773623407
2656,1,2,13,4093,3,6,486483.4521515274
2165,2,2,3,6713,0,5,462954.76552884787
1299,4,1,29,9071,0,7,339324.01418271824
2480,4,1,30,9967,3,1,511013.8259580985
1310,5,3,37,8405,2,5,366808.7815378363
1016,5,1,10,2175,1,2,287184.2791678731
2124,4,3,34,7285,2,4,457376.3021776904
1955,4,2,7,4704,1,7,446311.2786550516
2627,4,2,2,6937,3,5,593119.750204661
3941,2,3,13,2369,3,6,714159.5550250985
2610,4,1,12,3818,0,2,504710.7819200311
3292,3,2,44,4101,1,3,546164.1892188438
3723,1,1,31,6785,2,7,630743.587975156
2005,4,2,33,5490,3,2,403192.9256714035
3014,1,3,44,3779,2,6,499837.05653775035
890,2,3,18,9674,0,5,298074.3503140364
1513,1,3,37,3364,1,10,282496.9152590428
2681,2,2,15,9294,1,1,553149.2451179642
838,3,1,1,7528,3,10,307705.0390104696
3997,2,1,39,6462,1,4,669449.0899325357
972,2,1,16,5342,3,2,244764.9366559525
1452,5,2,33,6739,0,4,357824.4741012183
1553,4,2,41,5676,1,1,325511.2636463169
2043,4,2,15,4426,3,2,450637.35234189057
1881,3,2,37,2072,2,8,365072.82896417717
2483,3,2,1,4962,3,6,532303.2087252899
3323,4,1,1,7367,1,2,668494.807608534
1255,5,2,25,2859,0,6,325203.0289207248
1628,4,2,12,5856,1,10,417804.6506481614
1694,5,1,46,6138,1,9,379485.3307733159
2184,3,2,30,4424,3,7,454834.3598300871
2758,1,1,33,3064,2,9,446322.0497305837
3872,3,1,38,4217,1,5,648783.623265753
3234,3,3,2,6017,2,7,665733.0771866015
2796,2,3,7,4259,3,7,576537.3329806781
3195,2,3,22,7612,2,3,617364.2398598677
989,2,3,13,5751,3,7,305590.38282160216
1304,2,2,26,4086,0,1,251004.27927964606
2014,5,3,28,2368,2,9,435169.1658443283
2331,4,1,38,4804,2,10,461722.52064749505
1623,1,2,38,2150,0,6,236315.96847520545
1728,3,3,0,3134,2,5,417366.4950775746
1733,5,1,16,7599,0,7,449351.8186641997
1940,1,2,40,7555,1,5,358468.97735873034
933,5,2,29,7166,3,10,348093.42644789815
2905,5,3,12,7119,0,5,653191.0915258178
1484,3,2,20,7694,2,10,383001.01611674426
3519,4,1,18,4784,0,7,655963.1337985144
3020,2,2,18,8136,2,10,607886.2929745556
2652,4,1,24,7485,1,7,529828.2323665387
1614,3,2,21,6164,0,3,351336.0108351565
1972,3,3,30,4346,1,3,392652.3909302014
879,3,1,16,7039,3,10,269877.7949714406
3733,1,2,22,6897,2,3,654394.9346825164
1002,4,2,31,8439,2,6,308199.2815534696
3611,4,2,9,4250,1,6,682421.0609868843
2052,5,1,9,2060,3,3,453442.12865277333
2499,5,1,35,7041,0,3,506418.7274469096
2050,5,1,7,5010,0,8,484870.3447886489
2482,3,3,19,5901,2,8,529069.3182479104
2355,4,3,31,3337,1,7,481534.4215175185
2894,3,1,49,3184,1,10,484742.2036047669
2056,1,2,13,6426,0,4,411734.0356971969
2349,5,3,49,3551,3,4,453613.8774956524
1966,3,1,27,6433,3,3,406996.0076551118
2196,3,2,45,3629,0,5,392644.8065082548
3503,1,3,23,3327,0,3,580753.7094138827
1270,2,2,14,3526,1,8,317739.3933913243
3818,4,2,21,3673,3,7,708173.6906601462
1835,2,2,29,3361,0,3,330184.0701334014
2153,5,2,3,3573,0,9,502955.14403993665
3583,3,3,12,4686,2,5,692542.7083592026
3631,1,3,22,6370,0,9,638927.7830736473
1767,1,3,7,7283,0,7,404419.5820118328
1157,4,1,17,9610,3,7,355728.78799651435
3819,2,3,11,4366,1,6,703863.3834789229
1467,4,2,30,8732,3,2,388314.4737550891
1172,3,3,13,8647,1,9,379730.0618711455
1831,4,2,33,5757,2,6,380503.4063914111
1945,1,1,17,4434,0,8,381510.6965292788
2171,1,2,33,3993,2,1,365532.7994062087
3523,5,2,10,2869,1,5,679375.00859507
889,5,2,40,8976,3,1,292681.2791899094
3545,3,1,11,3014,3,10,661651.8982250269
1339,2,3,48,3911,2,8,256291.51283048437
3579,4,3,14,2602,1,8,690849.1666734208
1668,3,1,30,5821,2,1,330335.2771237969
840,5,2,48,7895,2,9,271906.38007309975
1539,4,3,28,2690,0,2,325887.2086424492
2746,5,1,25,2493,2,9,524503.2871026035
3349,4,3,17,2489,0,1,622698.3647021538
3806,2,1,31,8864,0,10,688392.9943651634
2024,3,2,21,9240,3,9,491148.83596076374
1728,4,3,37,4556,0,4,375959.25252635236
2836,1,1,16,6485,0,9,523493.40210014867
3308,1,3,22,9786,3,7,645732.745017831
3579,4,3,23,2294,2,6,675186.6386443119
3599,4,3,49,7488,1,5,648154.8246015806
1724,4,3,7,6027,1,9,452863.2861748752
3756,1,1,40,4843,1,2,568187.9992857676
2381,1,2,5,4912,2,2,473070.5605913931
1189,4,1,4,3717,0,9,338947.88514140074
2417,5,1,43,4596,1,3,456383.05237044994
3730,5,1,28,6744,2,8,730659.298652118
1055,2,2,27,3873,0,9,231187.1721758801
1508,3,3,10,6663,3,8,420315.9511986098
2638,5,3,0,5258,1,4,609028.2557161683
2744,1,3,42,8996,0,1,494028.8210388491
3297,5,2,18,4817,1,4,652567.757674478
809,2,3,8,2444,1,9,242940.5711158992
3671,2,2,26,5641,1,2,641469.0851856099
1597,3,3,33,6458,0,3,360891.6916719123
1676,5,3,43,8266,2,10,426376.548051532
1828,1,1,3,7307,0,8,399659.24328647624
3990,1,2,35,2741,1,6,618325.5936635835
1815,4,1,17,4041,0,8,372679.3898250706
2624,1,1,14,2679,3,7,465394.5963141373
1173,3,1,12,4467,2,5,302709.0535625463
3936,3,2,18,5697,0,9,730990.6680908672
2993,1,2,48,9419,3,4,504644.3828224563
1023,1,3,5,7738,2,6,310321.50569923525
2062,4,1,47,7668,3,2,385796.5223994892
3024,1,3,11,3358,2,2,559877.0110765419
2602,4,1,36,8235,0,2,490789.45417881914
1652,4,2,16,9697,3,10,480324.03609459894
862,1,2,22,2062,1,7,191378.69643684145
2040,2,2,25,9829,3,2,436284.0964746394
3674,2,1,28,4559,2,2,600362.1504873226
3642,4,2,32,7258,0,9,695383.7021638633
1488,1,1,26,5769,2,7,286446.7596281693
2284,2,3,24,9352,3,3,498144.8464215821
2433,1,1,9,7324,3,3,474361.72409193084
2952,1,3,46,8915,1,7,513138.4158553437
3970,1,1,22,9381,0,5,673005.3198087554
1310,5,3,20,6351,0,10,397276.84248494596
1184,1,2,20,2134,3,6,236324.42253669375
1204,5,3,42,5644,0,8,316509.1018308587
3670,4,2,12,6970,1,9,745158.6383909378
1317,2,2,36,6917,2,1,289454.4227663244
1275,2,3,32,4135,0,3,259874.55278638192
2800,2,1,23,9131,3,7,552904.0129309014
3556,2,1,43,5278,2,6,588181.4303311389
2468,2,1,10,9296,2,7,515590.64430300426
2693,2,1,16,2822,1,8,486401.53054747696
3618,2,1,3,5074,3,6,680958.8597182216
2260,4,2,46,7069,0,3,443492.3020841763
3894,1,1,24,4981,3,2,622542.4729749754
3844,3,2,29,7873,2,7,710716.4473019106
3524,5,2,8,2120,3,1,673017.3674717654
1513,3,2,20,9552,0,3,382468.86954409216
882,3,3,19,3637,0,4,252477.44579767983
1968,1,3,18,9205,1,1,439217.1040744598
3956,1,2,18,7460,0,5,692050.3451963193
3949,1,3,11,7103,0,10,731404.2750169078
3304,2,1,36,2924,3,3,543336.7201887874
2701,4,1,41,2644,3,2,468555.7693853031
2848,2,2,16,4032,2,3,537196.5151118798
850,4,1,36,4761,1,8,229997.28003009837
1484,4,2,47,9003,3,6,350058.8338128673
1516,3,2,38,4068,0,7,289748.7164522219
2269,3,1,27,2241,2,6,396244.8775094107
1248,4,3,40,8598,3,6,357800.51834758476
1680,4,1,34,9106,1,3,395945.9682308701
1287,2,1,46,4668,1,8,250223.62141386382
2623,2,2,47,8446,2,7,493341.0533232324
2881,3,2,17,7715,2,7,607928.3857753498
2942,1,2,13,9762,2,6,585119.8366734631
3943,4,2,34,2802,2,5,674905.8418325614
2374,2,3,43,7059,2,10,474190.7933241755
3001,3,3,40,6164,0,8,564966.807522394
1049,2,3,6,7248,0,5,318904.44374340895
1473,4,2,40,2195,3,9,318773.7148063299
1237,4,2,12,4187,1,9,348651.85482458206
2965,5,2,17,5515,0,1,611738.1685985356
1570,1,3,36,4330,0,6,302749.85584816954
1067,5,2,12,4359,0,7,336082.2035234035
2784,3,1,35,6841,3,3,523468.02872562926
1877,2,1,30,5606,2,7,368750.62552424776
1035,3,2,1,7784,3,7,352478.3026796538
1188,4,1,15,2276,1,2,284525.6467491314
3837,5,1,8,2060,1,7,707205.0493114074
1562,5,3,8,5390,1,1,435738.91552295885
2648,5,2,37,3913,1,5,500384.77060233965
3248,3,2,10,8195,0,9,669008.0328679474
1423,4,3,21,5927,0,7,368268.4604157384
3614,2,1,32,8296,3,7,657593.8898307442
3766,2,1,35,7868,2,2,644240.7477407209
2052,3,2,44,7430,1,8,397152.4404183667
3700,5,1,22,7933,3,3,733536.9963101848
1377,1,3,44,4591,0,8,247680.79223167288
2922,3,3,44,2566,0,3,498771.46720813366
1234,3,2,33,5935,2,10,308463.25688734406
2950,4,3,8,9556,2,7,682014.2098538803
1563,2,3,23,3571,2,2,315584.3104498479
3585,3,2,7,6717,3,4,702026.6776857264
3653,3,3,6,8121,0,6,735573.6136389892
2129,5,3,35,3200,0,9,461917.0248024255
2945,5,3,17,9529,2,5,689813.7708780549
3645,1,1,2,6409,1,9,665788.2824825712
2158,4,2,27,4854,2,5,464008.4814465768
3706,1,2,5,4895,3,10,668153.225822743
3282,5,2,43,8240,2,8,640758.1059890771
1246,2,1,43,9024,2,1,249552.21543813226
2817,5,1,20,3236,3,7,552384.9131055928
2131,4,2,27,8972,2,4,471534.1161021242
1048,5,1,39,2136,0,5,234689.98912137796
965,4,2,0,3029,1,6,305899.3230227214
3831,4,1,35,9154,2,5,719984.053976051
2158,4,3,20,4156,3,1,475164.72686121514
1819,4,3,42,4594,1,9,394446.1699317253
1341,4,2,34,9206,3,2,362787.63176150376
1558,2,1,12,2661,1,9,322614.6771375773
3977,1,1,48,4472,1,10,603400.0661169426
2928,3,3,9,4677,2,2,599548.141808208
2980,1,3,43,4308,0,9,490188.87867218873
1596,4,1,46,9593,2,6,356974.0370123757
3747,2,1,9,2086,3,9,660130.821241956
937,5,1,45,4512,3,6,234541.89080703486
3031,2,1,12,8219,1,6,586665.6961801057
2153,4,1,36,8614,1,2,446530.5392156347
3632,2,1,37,8557,0,8,638853.4173924612
2675,2,2,23,8968,2,3,524951.6993357437
3831,4,1,1,4942,3,7,748192.9462705125
868,2,3,21,4773,1,5,251673.33004770245
3393,3,2,16,4504,0,3,625954.0011773395
2900,3,1,35,7404,3,1,552790.6503934854
2273,2,3,13,5310,1,8,493851.2817374153
1004,5,2,9,3700,3,3,335042.9306855994
2973,4,3,34,5670,0,2,551771.314495442
842,3,1,24,4700,0,1,210938.60351633423
2706,5,1,2,8815,3,4,631518.9319830309
2958,2,1,46,5629,2,8,491480.1819646175
1560,5,1,37,9539,3,3,396070.1534053253
3695,1,2,16,6590,1,1,655602.1153461148
2942,3,2,11,3647,2,4,572778.3159100421
2794,2,3,23,8038,1,9,561695.2619865794
2735,4,1,28,7164,3,1,546314.5891359262
1699,2,3,42,7520,2,2,340674.12457924034
1159,4,2,24,5318,1,9,323196.83118964283
3747,2,1,35,5687,3,2,621886.4993252286
2519,5,1,25,2596,3,3,490621.3374826437
1080,5,2,37,6545,2,7,322112.4297504051
2687,5,2,0,2484,3,3,571488.0628018411
1466,1,2,19,2645,0,9,304801.95074276935
892,4,2,27,8763,1,6,282219.13930705504
1471,5,2,15,5089,1,3,379563.3231674514
2769,1,1,46,7725,3,9,481302.1188994174
860,4,2,16,6757,3,1,298413.1416643531
3481,2,1,39,6853,0,10,596675.242794283
3922,1,1,27,6384,2,3,651566.0929699846
1828,3,2,11,9581,3,1,460115.5008532762
2289,1,2,26,2720,3,2,387239.3052254232
1403,1,1,41,6733,3,8,283711.81257934903
1481,4,2,46,8378,3,7,368323.491142316
3381,2,2,29,8559,1,2,624468.2435100563
2228,3,2,40,9081,3,2,446348.43276629585
3685,5,3,33,2498,1,9,687936.115755943
3492,5,1,36,9117,3,6,687965.3405127929
3080,1,3,5,6729,2,5,599233.9862431054
1323,4,2,6,3673,0,10,366781.6418394577
3193,4,3,31,8126,2,6,645833.5424222018
3917,5,2,31,5067,3,9,754774.0382985023
3393,3,3,24,2114,3,7,612388.0843710566
2768,2,2,32,4979,3,10,533180.4061284182
1901,3,3,6,6769,2,10,476876.67341407936
2553,2,3,11,3736,3,9,527503.0233720044
2636,5,3,15,7353,2,4,613848.5931038806
3944,2,1,15,5611,1,2,678003.5956979989
3641,4,3,42,9178,0,8,711454.6864343295
3096,1,1,35,4253,0,4,471638.16402199585
2894,1,2,12,9846,2,9,610081.1769918256
1944,5,3,6,4294,1,4,484681.4926496576
3061,4,2,35,5630,2,8,583485.8859203112
3086,3,2,46,8901,1,9,578918.1822757256
1879,4,3,8,9294,3,9,533879.1926939272
3197,1,1,31,2146,1,10,503165.4470814956
906,1,3,10,8261,1,4,273016.42310577224
3678,4,2,7,5982,1,1,713304.6340241627
847,4,2,32,5453,0,3,224810.37887230032
1136,1,3,22,6507,1,9,306675.43907941814
1849,3,1,24,7783,3,4,403516.05408785277
3651,5,1,7,9751,3,5,784476.167861804
2080,5,2,44,4410,3,7,436194.70083647774
2855,4,2,21,7628,1,5,582684.6594951804
1424,5,1,3,2136,2,4,365900.4529078727
2690,1,3,39,9342,2,2,507760.0277931075
2076,1,2,2,5360,3,2,430117.38664913696
2515,4,1,28,5005,0,4,490231.12945851026
3566,4,2,40,5552,2,10,670635.1539278186
1102,4,3,28,2018,1,10,298669.1485465833
1438,3,1,33,4242,2,9,299523.43227727
855,5,2,33,8473,3,8,305181.5755221851
1525,4,3,27,8055,0,3,383164.12394637207
1325,2,2,12,8318,2,9,366892.4094066672
1273,2,3,14,7097,2,5,349377.8671353236
827,1,3,22,2448,3,3,171814.28595239553
2925,5,1,43,3948,0,5,522148.8679838825
1164,4,3,25,2945,0,10,310630.89225323184
3513,2,2,3,7473,3,4,689904.5574368445
1325,5,3,25,7618,1,8,411842.7383901588
3546,1,3,39,6236,2,5,610477.8007425087
2135,3,1,8,8901,1,10,516361.919080809
1682,5,3,4,3920,2,8,460340.39479649765
1830,5,3,31,4977,2,9,453644.77492506924
1826,3,2,19,6188,1,4,421130.6639452752
2446,5,1,49,6015,3,7,493166.93449272664
1718,1,1,10,2238,3,2,305158.5840657127
3597,1,1,14,2204,2,6,594053.2392245762
3210,3,3,31,4607,3,8,606118.352945502
2574,4,1,27,7552,2,7,538512.5453507632
2331,2,3,21,6340,3,7,498913.5355501453
3653,4,3,40,6927,2,8,687831.0732597426
3586,5,2,16,5388,3,7,726458.3851391694
2706,2,2,25,4972,0,5,470420.72667843866
3886,3,2,43,6390,1,7,691219.4500580189
2015,3,2,6,4687,0,10,451996.2575932331
